No,ID_Peserta,Nama Peserta
1.0,ID_001,Andi Setiawan
2.0,ID_002,Budi Santoso
3.0,ID_003,Citra Dewi
4.0,ID_004,Dedi Prasetyo
5.0,ID_005,Evi Nurhaliza
6.0,ID_006,Fajar Pramudya
7.0,ID_007,Gita Sari
8.0,ID_008,Hendra Wijaya
9.0,ID_009,Indah Permata Sari
10.0,ID_010,Joko Widodo
11.0,ID_011,Kartika Putri
12.0,ID_012,Lestari Dewi
13.0,ID_013,Muhammad Rizki
14.0,ID_014,Nisa Anggraini
15.0,ID_015,Oki Setiana Dewi
16.0,ID_016,Putri Ayu
17.0,ID_017,Rina Sari Dewi
18.0,ID_018,Siti Nurhaliza
19.0,ID_019,Taufik Hidayat
20.0,ID_020,Umi Kalsum
21.0,ID_021,Aldo Pratama
22.0,ID_022,Bintang Pramudya
23.0,ID_023,Cahya Putra
24.0,ID_024,Dian Sari
25.0,ID_025,Elisa Maharani
26.0,ID_026,Fajar Nugroho
27.0,ID_027,Gilang Setiawan
28.0,ID_028,Hilda Puspita
29.0,ID_029,Iwan Suryadi
30.0,ID_030,Jamilah Asih
31.0,ID_031,Kurniawan Yudha
32.0,ID_032,Lia Amalia
33.0,ID_033,Mahendra Pratama
34.0,ID_034,Nadya Fitria
35.0,ID_035,Rian Saputra
